City_ID,City,Country,Lat,Lng,Max Temp,Humidity,Cloudiness,Wind Speed,Current Description
0,mataura,NZ,-46.1927,168.8643,58.48,53,67,7.92,broken clouds
1,punta arenas,CL,-53.15,-70.9167,53.71,58,0,23.02,clear sky
2,cabo san lucas,MX,22.8909,-109.9124,74.52,66,0,1.99,clear sky
3,clyde river,CA,70.4692,-68.5914,-0.17,78,97,16.11,overcast clouds
4,almaznyy,RU,48.0448,40.045,30.34,98,100,7.14,snow
5,hermanus,ZA,-34.4187,19.2345,72.9,86,100,11.81,overcast clouds
6,faanui,PF,-16.4833,-151.75,81.61,69,90,10.89,overcast clouds
7,khandyga,RU,62.6667,135.6,-53.91,99,74,0.36,broken clouds
8,hobart,AU,-42.8794,147.3294,61.05,66,40,3.0,light rain
9,severo-kurilsk,RU,50.6789,156.125,31.23,96,100,32.93,snow
10,avarua,CK,-21.2078,-159.775,75.25,94,20,2.3,few clouds
11,georgetown,MY,5.4112,100.3354,89.53,73,20,1.01,few clouds
12,vanimo,PG,-2.6741,141.3028,82.56,82,100,7.56,light rain
13,ahipara,NZ,-35.1667,173.1667,70.05,79,94,3.13,overcast clouds
14,qaanaaq,GL,77.484,-69.3632,4.42,96,99,9.44,light snow
15,saldanha,ZA,-33.0117,17.9442,64.45,74,0,12.21,clear sky
16,olga,RU,43.7444,135.2892,3.2,49,61,12.35,broken clouds
17,barrow,US,71.2906,-156.7887,-3.98,71,90,12.66,light snow
18,guarumal,PA,8.35,-82.5333,79.93,84,100,4.83,overcast clouds
19,lebu,CL,-37.6167,-73.65,56.12,92,4,18.01,clear sky
20,victoria,HK,22.2855,114.1577,61.25,73,100,3.0,overcast clouds
21,coro,VE,11.4045,-69.6734,75.96,90,93,8.48,overcast clouds
22,atuona,PF,-9.8,-139.0333,78.51,74,59,16.33,broken clouds
23,ilulissat,GL,69.2167,-51.1,15.03,70,82,8.68,broken clouds
24,sechura,PE,-5.5569,-80.8222,67.23,86,38,10.33,scattered clouds
25,ambilobe,MG,-13.2,49.05,94.75,34,100,4.09,overcast clouds
26,sao filipe,CV,14.8961,-24.4956,76.89,62,0,8.01,clear sky
27,tara,RU,56.8944,74.371,-6.88,89,5,1.34,clear sky
28,kabalo,CD,-6.05,26.9167,70.63,87,100,3.11,overcast clouds
29,mar del plata,AR,-38.0023,-57.5575,59.88,89,0,4.0,clear sky
30,tawang,IN,27.5833,91.8667,40.33,42,89,7.25,overcast clouds
31,sao gabriel da cachoeira,BR,-0.1303,-67.0892,72.0,99,42,0.98,scattered clouds
32,nikolskoye,RU,59.7035,30.7861,-0.22,93,99,7.61,overcast clouds
33,cape town,ZA,-33.9258,18.4232,74.88,73,0,5.01,clear sky
34,bluff,NZ,-46.6,168.3333,57.79,88,91,16.37,light rain
35,san quintin,MX,30.4833,-115.95,57.18,75,96,5.79,overcast clouds
36,tasiilaq,GL,65.6145,-37.6368,19.56,58,0,8.79,clear sky
37,abu dhabi,AE,24.4667,54.3667,77.11,57,20,11.5,few clouds
38,marihatag,PH,8.7936,126.2969,82.49,73,100,8.81,overcast clouds
39,bredasdorp,ZA,-34.5322,20.0403,69.28,94,100,9.22,light rain
40,krasnoselkup,RU,65.7,82.4667,-11.96,98,69,9.62,broken clouds
41,kaitangata,NZ,-46.2817,169.8464,64.92,69,94,6.67,overcast clouds
42,new norfolk,AU,-42.7826,147.0587,60.71,53,90,3.0,overcast clouds
43,belaya gora,RU,68.5333,146.4167,-32.46,98,99,7.0,overcast clouds
44,piranhas,BR,-16.4269,-51.8222,68.38,80,3,4.79,clear sky
45,arraial do cabo,BR,-22.9661,-42.0278,71.19,76,8,9.22,clear sky
46,basoko,CD,1.2391,23.616,74.07,89,100,5.97,overcast clouds
47,hilo,US,19.7297,-155.09,67.8,1,18,6.29,few clouds
48,ushuaia,AR,-54.8,-68.3,48.22,83,100,10.13,light rain
49,charters towers,AU,-20.1,146.2667,84.22,52,100,16.4,light rain
50,lamar,US,33.6668,-95.5836,64.06,93,68,5.75,broken clouds
51,bathsheba,BB,13.2167,-59.5167,76.69,66,14,13.02,few clouds
52,rikitea,PF,-23.1203,-134.9692,72.72,87,100,16.11,moderate rain
53,bengkulu,ID,-3.8004,102.2655,84.02,71,99,9.01,overcast clouds
54,gretna,US,29.9147,-90.054,69.01,80,91,5.48,overcast clouds
55,ugoofaaru,MV,5.6667,73.0,81.9,66,97,8.86,overcast clouds
56,mitsamiouli,KM,-11.3847,43.2844,84.33,66,33,5.99,scattered clouds
57,winnemucca,US,40.973,-117.7357,29.1,93,90,16.11,snow
58,bermejo,AR,-32.8833,-68.8,76.75,28,96,7.54,overcast clouds
59,chuy,UY,-33.6971,-53.4616,62.78,91,6,7.72,clear sky
60,gold coast,AU,-28.0,153.4333,80.17,82,100,1.99,overcast clouds
61,semporna,MY,4.4818,118.6112,85.28,69,79,7.83,light rain
62,saskylakh,RU,71.9167,114.0833,-28.7,100,53,2.21,broken clouds
63,bambous virieux,MU,-20.3428,57.7575,83.21,64,33,5.37,scattered clouds
64,cayenne,GF,4.9333,-52.3333,75.24,92,75,1.01,light rain
65,meulaboh,ID,4.1363,96.1285,84.42,64,46,6.38,scattered clouds
66,busselton,AU,-33.65,115.3333,97.39,25,5,8.97,clear sky
67,lapeer,US,43.0514,-83.3188,32.29,100,40,0.0,scattered clouds
68,wakkanai,JP,45.4094,141.6739,17.58,86,90,33.38,shower snow
69,grindavik,IS,63.8424,-22.4338,34.27,75,75,19.57,broken clouds
70,saint-philippe,RE,-21.3585,55.7679,86.22,82,100,2.24,light rain
71,port elizabeth,ZA,-33.918,25.5701,77.09,78,20,3.44,few clouds
72,geraldton,AU,-28.7667,114.6,90.01,51,7,16.11,clear sky
73,aklavik,CA,68.2191,-135.0107,-22.36,90,98,14.58,overcast clouds
74,san carlos de bariloche,AR,-41.1456,-71.3082,47.95,53,40,5.75,scattered clouds
75,vaini,TO,-21.2,-175.2,80.73,72,100,7.76,light rain
76,latung,PH,5.5,120.8833,82.76,70,100,2.42,overcast clouds
77,champerico,GT,14.3,-91.9167,77.04,80,0,9.15,clear sky
78,makakilo city,US,21.3469,-158.0858,71.56,69,100,14.54,overcast clouds
79,butaritari,KI,3.0707,172.7902,82.6,75,10,11.03,clear sky
80,balkanabat,TM,39.5108,54.3671,41.83,55,4,11.43,clear sky
81,albany,US,42.6001,-73.9662,39.81,92,100,15.01,overcast clouds
82,faya,SA,18.3851,42.4509,61.2,41,4,7.34,clear sky
83,isiro,CD,2.7739,27.616,76.46,70,98,2.28,overcast clouds
84,castro,BR,-24.7911,-50.0119,56.59,67,11,2.19,few clouds
85,east london,ZA,-33.0153,27.9116,79.74,65,0,8.05,clear sky
86,kruisfontein,ZA,-34.0033,24.7314,74.88,58,87,6.06,overcast clouds
87,kahramanmaras,TR,38.0,37.0,23.63,76,4,1.77,clear sky
88,kasongo-lunda,CD,-6.4667,16.8167,73.98,93,89,0.98,light rain
89,pouembout,NC,-21.1333,164.9,82.44,73,92,3.87,overcast clouds
90,puerto escondido,MX,15.85,-97.0667,75.45,85,1,3.09,clear sky
91,fort nelson,CA,58.8053,-122.7002,-32.51,100,100,1.19,overcast clouds
92,poltavka,RU,54.3663,71.7632,-7.91,90,16,3.78,few clouds
93,carnarvon,AU,-24.8667,113.6333,79.88,71,21,18.72,few clouds
94,chokurdakh,RU,70.6333,147.9167,-16.13,97,100,9.71,overcast clouds
95,ribeira grande,PT,38.5167,-28.7,61.63,81,20,34.83,few clouds
96,oktyabrskoye,RU,43.0645,44.7417,24.94,86,100,2.24,overcast clouds
97,coihaique,CL,-45.5752,-72.0662,54.21,76,7,2.3,clear sky
98,kaya,BF,13.0917,-1.0844,71.62,12,100,8.05,overcast clouds
99,creel,MX,27.75,-107.6333,42.3,60,100,1.07,overcast clouds
100,sept-iles,CA,50.2001,-66.3821,15.06,81,19,7.78,few clouds
101,bubaque,GW,11.2833,-15.8333,79.02,59,79,10.13,broken clouds
102,dudinka,RU,69.4058,86.1778,-2.52,93,100,16.67,overcast clouds
103,port alfred,ZA,-33.5906,26.891,78.1,67,7,14.29,clear sky
104,plettenberg bay,ZA,-34.0527,23.3716,69.53,86,96,3.71,overcast clouds
105,broken hill,AU,-31.95,141.4333,85.03,12,3,20.27,clear sky
106,jamestown,US,42.097,-79.2353,38.01,94,100,7.0,overcast clouds
107,esperance,AU,-33.8667,121.9,72.12,59,0,25.26,clear sky
108,santa cruz,BO,-17.8,-63.1667,71.24,76,100,2.68,overcast clouds
109,giyani,ZA,-23.3025,30.7187,77.5,67,100,5.82,overcast clouds
110,norsup,VU,-16.0667,167.3833,82.92,76,46,2.64,scattered clouds
111,wuwei,CN,37.9281,102.6414,16.79,57,16,5.03,few clouds
112,cidreira,BR,-30.1811,-50.2056,70.5,87,25,11.56,scattered clouds
113,zhangjiakou,CN,40.81,114.8794,17.74,27,0,7.99,clear sky
114,guerrero negro,MX,27.9769,-114.0611,59.5,75,99,12.15,overcast clouds
115,pacific grove,US,36.6177,-121.9166,48.42,81,71,11.01,broken clouds
116,wamba,NG,8.9333,8.6,77.18,24,99,0.72,overcast clouds
117,wagar,SD,16.1525,36.2032,75.42,62,5,8.9,clear sky
118,nioro,GM,13.35,-15.75,73.38,18,71,6.69,broken clouds
119,concepcion del uruguay,AR,-32.4825,-58.2372,65.98,84,100,1.01,overcast clouds
120,tupiza,BO,-21.45,-65.7167,51.55,87,100,1.19,overcast clouds
121,hovd,MN,48.0056,91.6419,3.56,76,3,2.75,clear sky
122,talnakh,RU,69.4865,88.3972,-1.19,96,100,8.79,overcast clouds
123,sawtell,AU,-30.3833,153.1,78.82,73,100,5.75,overcast clouds
124,norman wells,CA,65.282,-126.8329,-30.96,68,20,6.91,few clouds
125,nalut,LY,30.3333,10.85,50.56,37,100,9.37,overcast clouds
126,hobyo,SO,5.3505,48.5268,82.02,67,94,17.45,overcast clouds
127,palana,RU,59.1167,159.9667,-8.16,96,30,9.73,scattered clouds
128,touros,BR,-5.1989,-35.4608,79.7,86,100,5.84,overcast clouds
129,coahuayana,MX,18.7333,-103.6833,71.26,94,30,2.95,scattered clouds
130,kosovska mitrovica,XK,42.8833,20.8667,43.14,95,100,1.3,overcast clouds
131,puerto ayora,EC,-0.7393,-90.3518,69.49,93,71,6.46,broken clouds
132,dongsheng,CN,39.8161,109.9776,11.93,19,0,11.1,clear sky
133,taoudenni,ML,22.6783,-3.9836,64.18,30,4,5.41,clear sky
134,komsomolskiy,UZ,40.4272,71.7189,41.72,75,100,6.91,mist
135,dawei,MM,14.0833,98.2,82.72,64,100,6.17,overcast clouds
136,muros,ES,42.7762,-9.0603,55.99,94,100,10.54,overcast clouds
137,hirara,JP,24.8,125.2833,63.1,73,100,29.66,overcast clouds
138,ponta do sol,PT,32.6667,-17.1,66.7,87,85,6.64,overcast clouds
139,pevek,RU,69.7008,170.3133,-15.56,95,100,5.53,overcast clouds
140,kapaa,US,22.0752,-159.319,71.11,80,85,1.01,light rain
141,puerto penasco,MX,31.3167,-113.5333,63.91,76,100,8.01,overcast clouds
142,presidencia roque saenz pena,AR,-26.7852,-60.4388,72.77,38,13,4.34,few clouds
143,college,US,64.8569,-147.8028,13.59,87,90,0.0,snow
144,lompoc,US,34.6391,-120.4579,52.12,90,90,11.5,mist
145,maragogi,BR,-9.0122,-35.2225,76.59,88,100,7.11,overcast clouds
146,buin,CL,-33.7333,-70.75,74.73,48,100,1.01,overcast clouds
147,kodiak,US,57.79,-152.4072,40.21,91,100,5.5,overcast clouds
148,khatanga,RU,71.9667,102.5,-20.0,97,100,3.89,overcast clouds
149,koumac,NC,-20.5667,164.2833,82.15,71,93,4.63,overcast clouds
150,kavaratti,IN,10.5669,72.642,81.48,66,47,9.01,scattered clouds
151,togur,RU,58.3631,82.8265,1.96,88,20,4.61,few clouds
152,pisco,PE,-13.7,-76.2167,68.02,92,100,1.41,overcast clouds
153,buraydah,SA,26.326,43.975,49.71,61,100,14.65,overcast clouds
154,saint anthony,US,45.0205,-93.218,19.26,79,90,1.01,overcast clouds
155,atagay,RU,55.1033,99.3875,5.76,82,100,0.49,overcast clouds
156,sola,VU,-13.8833,167.55,82.08,72,23,2.73,few clouds
157,taksimo,RU,56.3444,114.8794,2.17,97,100,1.79,overcast clouds
158,hami,CN,42.8,93.45,27.01,19,8,8.14,clear sky
159,rajapalaiyam,IN,9.45,77.5667,83.44,43,2,7.05,clear sky
160,thompson,CA,55.7435,-97.8558,-24.25,97,37,5.77,scattered clouds
161,kaeo,NZ,-35.1,173.7833,74.32,80,40,4.43,scattered clouds
162,aleksandrov gay,RU,50.147,48.5704,32.11,100,100,10.07,snow
163,puchezh,RU,56.9788,43.1676,6.3,92,76,15.99,broken clouds
164,obera,AR,-27.4871,-55.1199,65.05,45,5,2.35,clear sky
165,longyearbyen,SJ,78.2186,15.6401,24.64,68,0,25.32,clear sky
166,luganville,VU,-15.5333,167.1667,81.73,82,81,2.64,broken clouds
167,luoyang,CN,34.6836,112.4536,34.97,20,7,5.79,clear sky
168,la ronge,CA,55.1001,-105.2842,-29.78,100,49,4.03,scattered clouds
169,yangambi,CD,0.8102,24.4336,70.56,97,100,1.16,light rain
170,mareeba,AU,-17.0,145.4333,81.32,83,100,5.01,overcast clouds
171,vardo,NO,70.3705,31.1107,28.42,70,100,24.34,light snow
172,sangar,RU,63.9242,127.4739,-54.24,99,69,0.54,broken clouds
173,awbari,LY,26.5921,12.7805,50.99,42,29,9.51,scattered clouds
174,malakal,SS,9.5334,31.6605,81.99,21,9,10.71,clear sky
175,te anau,NZ,-45.4167,167.7167,56.86,96,96,4.72,light rain
176,tazovskiy,RU,67.4667,78.7,-15.45,97,36,10.69,scattered clouds
177,waddan,LY,29.1614,16.139,54.45,41,0,5.86,clear sky
178,chingirlau,KZ,51.095,54.0814,20.3,69,100,28.05,overcast clouds
179,kandrian,PG,-6.2167,149.55,81.59,83,100,3.11,moderate rain
180,popondetta,PG,-8.7537,148.2534,80.33,91,100,2.37,overcast clouds
181,oranjemund,NA,-28.55,16.4333,68.04,60,0,8.19,clear sky
182,glubczyce,PL,50.2009,17.8286,18.86,82,9,2.08,clear sky
183,christchurch,NZ,-43.5333,172.6333,79.0,53,0,1.99,clear sky
184,marsa matruh,EG,31.3525,27.2453,57.85,62,10,7.25,clear sky
185,hofn,IS,64.2539,-15.2082,31.53,82,100,16.51,overcast clouds
186,progreso,MX,21.2833,-89.6667,68.11,82,0,11.25,clear sky
187,palmer,US,42.1584,-72.3287,37.42,84,90,3.44,moderate rain
188,fairbanks,US,64.8378,-147.7164,13.6,87,90,0.0,snow
189,trairi,BR,-3.2778,-39.2689,78.66,83,100,4.16,overcast clouds
190,tanout,NE,14.9709,8.8879,64.04,18,100,13.09,overcast clouds
191,kichera,RU,55.9375,110.0997,6.28,80,32,1.63,scattered clouds
192,sinazongwe,ZM,-17.2614,27.4618,74.62,87,100,4.36,light rain
193,mumford,GH,5.2618,-0.759,79.59,82,61,5.01,broken clouds
194,mahebourg,MU,-20.4081,57.7,83.25,66,31,2.84,scattered clouds
195,walvis bay,NA,-22.9575,14.5053,62.1,88,0,5.75,clear sky
196,barra velha,BR,-26.6322,-48.6847,69.6,86,75,2.89,broken clouds
197,olinda,BR,-8.0089,-34.8553,76.73,94,40,3.44,light rain
198,saint-augustin,CA,51.226,-58.6502,36.0,79,100,18.66,overcast clouds
199,freeport,US,40.6576,-73.5832,54.01,75,100,7.0,overcast clouds
200,kajaani,FI,64.2273,27.7285,3.25,85,75,6.91,broken clouds
201,san matias,BO,-16.3667,-58.4,73.18,92,78,2.26,broken clouds
202,hithadhoo,MV,-0.6,73.0833,82.0,71,89,13.18,overcast clouds
203,beni suef,EG,29.0731,31.0979,54.54,58,0,11.95,clear sky
204,narsaq,GL,60.9167,-46.05,34.21,47,100,23.26,overcast clouds
205,khani,GE,41.9563,42.9566,31.57,88,100,6.76,overcast clouds
206,marawi,PH,7.9986,124.2928,75.65,81,100,5.68,overcast clouds
207,prata,BR,-19.3072,-48.9242,67.68,65,49,2.13,scattered clouds
208,siverek,TR,37.755,39.3167,32.61,38,0,3.36,clear sky
209,tornio,FI,65.8481,24.1466,-0.38,93,36,9.28,scattered clouds
210,pochutla,MX,15.7432,-96.4661,69.82,86,0,3.44,clear sky
211,marsabit,KE,2.3284,37.9899,68.2,77,87,16.04,light rain
212,codrington,AU,-38.2667,141.9667,60.31,57,40,17.87,scattered clouds
213,athens,GR,37.9795,23.7162,58.39,83,95,3.0,overcast clouds
214,anadyr,RU,64.75,177.4833,-5.01,83,100,15.01,overcast clouds
215,bonavista,CA,48.6499,-53.1147,30.11,75,79,19.62,broken clouds
216,rawson,AR,-43.3002,-65.1023,63.16,68,0,6.13,clear sky
217,brownwood,US,31.7093,-98.9912,64.54,87,1,8.59,clear sky
218,meadow lake,US,34.8014,-106.5436,54.32,45,100,17.52,overcast clouds
219,cherskiy,RU,68.75,161.3,-23.24,98,100,5.84,overcast clouds
220,san patricio,US,28.017,-97.5169,71.89,92,47,9.95,scattered clouds
221,tarko-sale,RU,64.9225,77.785,-12.95,96,41,11.61,scattered clouds
222,labrea,BR,-7.2586,-64.7981,76.68,93,99,2.28,overcast clouds
223,labuhan,ID,-6.8844,112.2051,89.1,61,28,8.88,scattered clouds
224,shimoda,JP,34.6667,138.95,40.1,44,30,27.56,scattered clouds
225,yellowknife,CA,62.456,-114.3525,-3.59,96,100,10.89,overcast clouds
226,puerto madryn,AR,-42.7692,-65.0385,65.21,62,0,6.13,clear sky
227,tuktoyaktuk,CA,69.4541,-133.0374,-18.4,69,1,17.27,clear sky
228,naze,JP,28.3667,129.4833,52.47,71,89,21.14,overcast clouds
229,salalah,OM,17.0151,54.0924,77.18,54,0,4.88,clear sky
230,lloydminster,CA,53.2835,-110.0016,-23.24,99,100,3.11,overcast clouds
231,adrar,MR,20.5022,-10.0711,60.22,29,0,7.65,clear sky
232,konya,TR,38.1667,32.5,27.79,84,13,3.85,few clouds
233,dumas,US,35.8656,-101.9732,50.04,52,1,5.75,clear sky
234,russell,US,32.3502,-85.1999,64.11,93,90,0.0,mist
235,cartagena,CO,10.3997,-75.5144,80.22,83,0,5.75,clear sky
236,ciudad bolivar,VE,8.1222,-63.5497,72.84,86,36,8.77,scattered clouds
237,neyshabur,IR,36.2133,58.7958,37.62,57,6,3.4,clear sky
238,petatlan,MX,17.5167,-101.2667,71.71,84,0,3.85,clear sky
239,sao joao da barra,BR,-21.6403,-41.0511,66.63,84,0,5.3,clear sky
240,grand-santi,GF,4.25,-54.3833,71.65,100,100,1.74,overcast clouds
241,amapa,BR,1.0,-52.0,70.25,100,100,0.89,overcast clouds
242,tuatapere,NZ,-46.1333,167.6833,57.81,82,100,3.53,light rain
243,puerto ayacucho,VE,5.6639,-67.6236,75.38,80,4,3.53,clear sky
244,gushikawa,JP,26.3544,127.8686,58.23,67,90,17.27,overcast clouds
245,kungurtug,RU,50.5994,97.5228,12.4,70,100,1.05,overcast clouds
246,davila,PH,18.4726,120.5763,75.45,84,56,31.14,broken clouds
247,ibra,OM,22.6906,58.5334,77.38,36,100,4.12,overcast clouds
248,ishigaki,JP,24.3448,124.1572,64.08,74,100,30.2,overcast clouds
249,cabay,PH,13.8783,121.3772,77.9,83,60,12.3,broken clouds
250,bethanien,NA,-26.502,17.1583,70.9,33,6,5.39,clear sky
251,rio grande,BR,-32.035,-52.0986,69.87,86,100,4.92,moderate rain
252,vestmannaeyjar,IS,63.4427,-20.2734,38.95,81,100,16.44,overcast clouds
253,nola,IT,40.922,14.5329,59.56,91,100,10.0,overcast clouds
254,rocha,UY,-34.4833,-54.3333,58.03,94,0,5.68,clear sky
255,husavik,IS,66.0449,-17.3389,24.71,78,100,2.21,overcast clouds
256,cockburn town,TC,21.4612,-71.1419,78.22,74,3,10.0,clear sky
257,onega,RU,63.9061,38.1404,6.64,96,100,2.91,overcast clouds
258,rockland,US,41.1668,-74.0496,52.05,83,55,1.01,broken clouds
259,itarema,BR,-2.9248,-39.9167,78.6,83,100,5.61,overcast clouds
260,los llanos de aridane,ES,28.6585,-17.9182,58.75,87,0,8.01,clear sky
261,bezhanitsy,RU,56.9767,29.8907,20.62,86,100,14.09,light snow
262,nueva gorgona,PA,8.55,-79.8667,82.22,76,13,10.25,few clouds
263,jiehu,CN,35.5428,118.455,26.94,17,0,11.68,clear sky
264,yar-sale,RU,66.8333,70.8333,-7.78,95,28,11.88,scattered clouds
265,quatre cocos,MU,-20.2078,57.7625,83.08,63,37,9.26,scattered clouds
266,natal,BR,-5.795,-35.2094,79.45,94,40,5.75,scattered clouds
267,lazaro cardenas,MX,17.9583,-102.2,77.23,76,72,1.99,broken clouds
268,noyabrsk,RU,63.1994,75.4507,-9.98,97,72,13.2,broken clouds
269,ontario,US,34.0633,-117.6509,51.44,93,90,1.01,light rain
270,cascais,PT,38.6979,-9.4215,61.5,81,100,13.0,overcast clouds
271,ixtapa,MX,20.7,-105.2,68.23,85,3,3.69,clear sky
272,vostok,RU,46.4856,135.8833,-14.8,96,100,4.68,overcast clouds
273,krasnogvardeyskiy,RU,57.3793,62.3195,8.89,73,57,15.46,broken clouds
274,tessalit,ML,20.1986,1.0114,60.98,19,0,6.58,clear sky
275,rupert,US,42.6191,-113.6772,35.49,86,100,2.86,overcast clouds
276,raichur,IN,16.2,77.3667,83.48,36,5,5.7,clear sky
277,isangel,VU,-19.55,169.2667,81.14,80,25,6.64,scattered clouds
278,dikson,RU,73.5069,80.5464,-15.75,100,28,6.53,scattered clouds
279,okha,RU,53.5739,142.9478,18.03,88,100,20.09,light snow
280,rock sound,BS,24.9,-76.2,72.37,59,0,6.4,clear sky
281,iquitos,PE,-3.7481,-73.2472,76.64,87,89,1.92,overcast clouds
282,yarada,IN,17.65,83.2667,80.92,65,20,2.3,haze
283,moroni,KM,-11.7022,43.2551,84.99,66,11,7.58,few clouds
284,laguna,US,38.421,-121.4238,45.64,86,20,4.0,few clouds
285,kidal,ML,18.4411,1.4078,62.19,20,0,8.46,clear sky
286,chapais,CA,49.7834,-74.8492,10.18,97,100,1.52,light snow
287,rorvik,NO,64.8621,11.2373,37.51,53,100,14.81,overcast clouds
288,mataram,ID,-8.5833,116.1167,90.41,80,80,11.52,broken clouds
289,abha,SA,18.2164,42.5053,59.77,48,5,8.59,clear sky
290,awka,NG,6.2101,7.0741,78.31,74,33,1.34,scattered clouds
291,brikama,GM,13.2714,-16.6494,69.84,46,0,6.91,clear sky
292,nagareyama,JP,35.8563,139.9027,43.36,26,90,16.33,overcast clouds
293,kargil,IN,34.5667,76.1,14.67,63,100,1.9,overcast clouds
294,shurugwi,ZW,-19.6702,30.0059,63.54,90,100,2.08,light rain
295,mackay,AU,-21.15,149.2,84.04,71,100,4.99,overcast clouds
296,bernal,PE,-5.45,-80.75,68.0,83,27,10.51,scattered clouds
297,leningradskiy,RU,69.3833,178.4167,-12.68,98,100,8.01,overcast clouds
298,alofi,NU,-19.0595,-169.9187,81.1,72,12,7.92,few clouds
299,devils lake,US,48.1128,-98.8651,-0.42,92,90,6.91,light snow
300,fukue,JP,32.6881,128.8419,37.87,72,100,30.2,overcast clouds
301,merano,IT,46.6682,11.1595,37.36,82,100,4.45,overcast clouds
302,kahului,US,20.8947,-156.47,71.83,85,100,7.0,overcast clouds
303,amqui,CA,48.4638,-67.4313,8.92,99,65,1.54,broken clouds
304,peleduy,RU,59.6289,112.7406,-9.29,99,100,1.7,overcast clouds
305,boa vista,BR,2.8197,-60.6733,76.98,88,0,3.44,clear sky
306,nyrob,RU,60.733,56.7202,17.82,93,100,14.41,light snow
307,souillac,MU,-20.5167,57.5167,83.35,63,41,6.78,scattered clouds
308,coquimbo,CL,-29.9533,-71.3436,62.73,89,98,2.82,overcast clouds
309,nayoro,JP,44.3506,142.4578,15.58,94,100,8.37,snow
310,atambua,ID,-9.1061,124.8925,74.32,93,100,4.63,moderate rain
311,belyy yar,RU,53.6039,91.3903,3.09,85,82,0.0,mist
312,harper,LR,4.375,-7.7169,79.16,86,21,5.91,light rain
313,buchanan,LR,5.8808,-10.0467,75.16,88,79,1.97,broken clouds
314,sitka,US,57.0531,-135.33,13.89,80,91,5.79,overcast clouds
315,klyuchevskiy,RU,53.5317,119.4519,-9.54,93,5,1.52,clear sky
316,santo domingo,DO,18.5001,-69.9886,76.03,84,27,3.0,scattered clouds
317,vila do maio,CV,15.1333,-23.2167,75.99,71,31,14.79,scattered clouds
318,ulaanbaatar,MN,47.9077,106.8832,3.33,55,2,2.24,clear sky
319,bryan,US,30.6744,-96.37,65.98,96,1,3.44,mist
320,gravelbourg,CA,49.8834,-106.5512,-13.16,98,100,4.85,overcast clouds
321,auki,SB,-8.7676,160.7034,80.37,87,100,9.42,light rain
322,stilfontein,ZA,-26.8449,26.7683,75.49,49,5,20.58,clear sky
323,pahalgam,IN,34.0333,75.3333,32.25,72,100,6.08,light snow
324,kuusamo,FI,65.9667,29.1833,3.24,85,0,3.44,clear sky
325,lavrentiya,RU,65.5833,-171.0,8.19,95,100,9.26,snow
326,millau,FR,44.0833,2.9167,44.73,95,100,2.82,overcast clouds
327,tigil,RU,57.8,158.6667,-8.39,95,100,4.65,overcast clouds
328,iskateley,RU,67.6803,53.1512,5.16,95,100,11.59,light snow
329,anchorage,US,61.2181,-149.9003,28.2,90,90,3.0,overcast clouds
330,hay river,CA,60.8156,-115.7999,-12.42,97,100,14.79,light snow
331,blagoyevo,RU,63.3667,47.9167,10.33,95,100,7.56,light snow
332,saint george,US,37.1041,-113.5841,49.62,61,90,1.01,overcast clouds
333,grand gaube,MU,-20.0064,57.6608,83.37,76,43,5.99,scattered clouds
334,tucurui,BR,-3.7661,-49.6725,72.32,96,100,2.73,light rain
335,karratha,AU,-20.7377,116.8463,94.1,47,42,22.97,light rain
336,lumphat,KH,13.4878,106.9816,86.43,48,99,5.88,overcast clouds
337,podporozhye,RU,60.9112,34.1706,-14.8,100,100,2.91,overcast clouds
338,baculin,PH,7.4525,126.5842,82.49,73,100,10.2,light rain
339,bani,DO,18.2833,-70.3333,75.85,81,10,8.25,clear sky
340,kiama,AU,-34.6833,150.8667,67.37,93,100,3.0,moderate rain
341,batemans bay,AU,-35.7167,150.1833,65.19,92,100,3.69,light rain
342,esik,KZ,43.3552,77.4525,24.22,52,94,2.24,overcast clouds
343,byron bay,AU,-28.65,153.6167,78.71,69,100,4.41,overcast clouds
344,qaqortoq,GL,60.7167,-46.0333,39.7,50,100,18.79,overcast clouds
345,jacareacanga,BR,-6.2222,-57.7528,72.63,99,100,1.57,overcast clouds
346,mizdah,LY,31.4451,12.9801,49.01,39,7,6.46,clear sky
347,moroto,UG,2.5345,34.6666,77.11,46,24,12.71,few clouds
348,iringa,TZ,-7.7667,35.7,76.69,30,54,8.9,broken clouds
349,margate,GB,51.3813,1.3862,46.11,95,100,3.0,light rain
350,fort william,GB,56.8165,-5.1121,39.78,86,99,5.88,overcast clouds
351,puerto baquerizo moreno,EC,-0.9,-89.6,69.91,90,70,8.03,broken clouds
352,saint-pierre,RE,-21.3393,55.4781,86.29,71,40,6.91,light rain
353,vega de alatorre,MX,20.0333,-96.6333,70.41,78,0,8.61,clear sky
354,katsuura,JP,35.1333,140.3,43.11,49,100,6.08,overcast clouds
355,upernavik,GL,72.7868,-56.1549,4.24,100,100,9.84,overcast clouds
356,amboasary,MG,-25.0333,46.3833,78.73,67,96,11.68,overcast clouds
357,namibe,AO,-15.1961,12.1522,72.37,55,66,8.34,broken clouds
358,mehamn,NO,71.0357,27.8492,28.0,74,100,18.23,overcast clouds
359,colorado springs,US,38.8339,-104.8214,39.94,42,21,5.01,few clouds
360,borogontsy,RU,62.6683,131.1683,-51.25,100,66,2.42,broken clouds
361,maputo,MZ,-25.9653,32.5892,78.48,79,75,4.0,broken clouds
362,teya,RU,60.3778,92.6267,11.7,88,100,2.44,overcast clouds
363,aykhal,RU,66.0,111.5,-18.74,100,100,1.5,overcast clouds
364,turochak,RU,52.2576,87.1224,21.79,69,100,1.19,overcast clouds
365,srednekolymsk,RU,67.45,153.6833,-29.96,99,100,6.89,overcast clouds
366,antofagasta,CL,-23.65,-70.4,66.22,82,43,2.26,scattered clouds
367,yumen,CN,40.2833,97.2,15.28,53,5,18.75,clear sky
368,yaan,NG,7.3833,8.5667,76.73,58,99,4.07,overcast clouds
369,brasilia de minas,BR,-16.2064,-44.4333,62.02,98,21,5.84,few clouds
370,vanavara,RU,60.34,102.2797,-1.86,97,100,0.72,overcast clouds
371,astana,KZ,51.1801,71.446,3.15,72,90,13.42,light snow
372,kenai,US,60.5544,-151.2583,17.69,93,90,0.0,overcast clouds
373,newberg,US,45.3001,-122.9732,35.11,89,90,1.01,snow
374,nanortalik,GL,60.1432,-45.2371,30.63,72,100,16.31,overcast clouds
375,katangli,RU,51.7102,143.2326,-1.84,88,100,24.76,overcast clouds
376,zhezkazgan,KZ,47.8043,67.7144,15.78,79,90,13.42,light snow
377,sexsmith,CA,55.35,-118.786,-22.41,99,99,4.32,overcast clouds
378,vysokogornyy,RU,50.1167,139.15,-21.39,97,99,6.42,overcast clouds
379,bilma,NE,18.6853,12.9164,64.27,20,100,4.76,overcast clouds
380,tumbagaan,PH,5.3656,120.3139,82.8,72,100,3.8,overcast clouds
381,preobrazheniye,RU,42.9019,133.9064,10.26,45,1,10.0,clear sky
382,iqaluit,CA,63.7506,-68.5145,-2.31,70,6,8.01,clear sky
383,klaksvik,FO,62.2266,-6.589,40.12,60,92,20.09,overcast clouds
384,opuwo,NA,-18.0607,13.84,74.73,21,16,5.19,few clouds
385,tual,ID,-5.6667,132.75,84.36,77,100,19.57,overcast clouds
386,ancud,CL,-41.8697,-73.8203,55.42,93,3,3.13,clear sky
387,zhangye,CN,38.9342,100.4517,20.91,36,0,5.73,clear sky
388,caravelas,BR,-17.7125,-39.2481,70.02,94,8,1.34,clear sky
389,beringovskiy,RU,63.05,179.3167,0.14,91,100,15.39,light snow
390,zhigalovo,RU,54.8097,105.1578,5.52,84,11,1.36,few clouds
391,ouro fino,BR,-22.2831,-46.3692,59.9,88,49,4.7,scattered clouds
392,rio de janeiro,BR,-22.9028,-43.2075,69.8,83,0,5.75,clear sky
393,caucaia,BR,-3.7361,-38.6531,82.04,77,40,4.61,scattered clouds
394,belmonte,BR,-15.8631,-38.8828,72.1,95,100,6.13,overcast clouds
395,valkeakoski,FI,61.2642,24.0312,3.58,89,87,8.77,overcast clouds
396,bandarbeyla,SO,9.4942,50.8122,80.04,59,68,14.83,broken clouds
397,lata,PT,40.1629,-8.3327,56.91,96,100,5.7,overcast clouds
398,barreirinhas,BR,-2.7469,-42.8264,74.98,93,100,3.29,overcast clouds
399,ponta delgada,PT,37.7333,-25.6667,66.92,88,75,24.16,broken clouds
400,porteirinha,BR,-15.7433,-43.0283,66.94,93,97,3.98,overcast clouds
401,sayat,TM,38.7839,63.8803,37.15,60,95,10.58,overcast clouds
402,ratangarh,IN,28.0833,74.6,65.46,50,100,7.05,overcast clouds
403,mount gambier,AU,-37.8333,140.7667,61.84,52,0,14.38,clear sky
404,asau,RO,46.4333,26.4,28.76,100,100,2.86,snow
405,sistranda,NO,63.7256,8.834,33.91,99,100,2.3,light snow
406,nhulunbuy,AU,-12.2333,136.7667,77.61,94,40,5.75,light rain
407,teknaf,BD,20.8624,92.3058,76.1,50,0,6.26,clear sky
408,akyab,MM,20.15,92.9,75.97,51,0,6.87,clear sky
409,taihe,CN,30.8712,105.3845,42.58,68,100,14.34,overcast clouds
410,alice springs,AU,-23.7,133.8833,98.15,13,40,14.97,scattered clouds
411,san ramon,US,37.7799,-121.978,45.34,90,75,1.01,light rain
412,goderich,CA,43.7501,-81.7165,36.91,74,100,15.23,overcast clouds
413,bemidji,US,47.4736,-94.8803,4.91,88,40,3.44,light snow
414,tarbagatay,RU,51.4803,107.3602,-11.67,81,5,4.03,clear sky
415,anau,PF,-16.5167,-151.7333,81.48,70,88,10.98,overcast clouds
416,assiniboia,CA,49.6334,-105.9845,-12.03,99,100,4.79,overcast clouds
417,casino,AU,-28.8667,153.05,78.57,69,100,6.38,overcast clouds
418,vila velha,BR,-20.3297,-40.2925,65.95,89,0,1.01,clear sky
419,provideniya,RU,64.3833,-173.3,12.83,95,100,12.21,snow
420,kondagaon,IN,19.6,81.6667,80.83,36,0,4.18,clear sky
421,lasa,IT,46.6166,10.7002,29.35,86,100,0.83,overcast clouds
422,tautira,PF,-17.7333,-149.15,78.82,79,19,14.23,light rain
423,orbetello,IT,42.4408,11.2196,56.8,86,100,19.73,light rain
424,piranshahr,IR,36.701,45.1413,28.98,74,35,1.16,scattered clouds
425,cururupu,BR,-1.8283,-44.8683,74.62,96,100,2.04,light rain
426,latina,IT,41.45,13.1,57.13,96,100,1.99,overcast clouds
427,torbay,CA,47.6666,-52.7314,29.57,92,75,19.57,broken clouds
428,juliaca,PE,-15.5,-70.1333,43.12,85,100,7.74,overcast clouds
429,atikokan,CA,48.7555,-91.6216,5.65,86,100,3.0,overcast clouds
430,yinchuan,CN,38.4681,106.2731,16.99,23,0,0.85,clear sky
431,bridlington,GB,54.0831,-0.1919,39.88,85,100,24.65,overcast clouds
432,fare,PF,-16.7,-151.0167,80.74,75,45,12.3,light rain
433,lorengau,PG,-2.0226,147.2712,83.46,77,100,9.13,moderate rain
434,sobolevo,RU,54.4299,31.8996,19.71,92,100,17.72,light snow
435,aginskoye,RU,51.1,114.53,10.65,68,3,13.13,clear sky
436,kifri,IQ,34.6959,44.9661,50.43,46,0,5.73,clear sky
437,eugene,US,44.0521,-123.0867,35.26,95,75,1.01,light snow
438,dingle,PH,10.9995,122.6711,81.5,79,88,12.91,overcast clouds
439,ust-ordynskiy,RU,52.805,104.7508,22.84,81,9,4.7,clear sky
440,necochea,AR,-38.5473,-58.7368,59.95,53,0,8.34,clear sky
441,vao,NC,-22.6667,167.4833,77.27,76,5,10.56,clear sky
442,arona,ES,28.0996,-16.681,60.8,77,20,5.75,few clouds
443,san cristobal,VE,7.7669,-72.225,65.86,82,81,1.5,broken clouds
444,acajutla,SV,13.5928,-89.8275,75.81,63,3,7.45,clear sky
445,peterhead,GB,57.5058,-1.7981,40.1,62,100,25.57,overcast clouds
446,arandis,NA,-22.4167,14.9667,57.47,54,0,2.01,clear sky
447,maldonado,UY,-34.6667,-54.9167,61.23,90,0,3.98,clear sky
448,mezen,RU,65.8522,44.24,7.11,95,100,6.58,light snow
449,nyurba,RU,63.2842,118.3319,-36.15,99,88,3.29,overcast clouds
450,kavieng,PG,-2.5744,150.7967,83.34,76,100,5.26,overcast clouds
451,cacoal,BR,-11.4386,-61.4472,73.33,97,100,2.04,overcast clouds
452,burnie,AU,-41.0667,145.9167,67.91,38,36,15.48,scattered clouds
453,makat,KZ,47.6469,53.3463,22.87,70,99,21.25,overcast clouds
454,dao,PH,11.3937,122.6856,80.08,85,100,10.29,overcast clouds
455,baykit,RU,61.67,96.37,9.84,88,100,0.18,overcast clouds
456,slave lake,CA,55.2834,-114.769,-18.42,69,90,11.5,light snow
457,praia,CV,14.9215,-23.5087,73.8,73,34,13.65,scattered clouds
458,korhogo,CI,9.45,-5.6333,69.12,25,63,4.21,broken clouds
459,hasaki,JP,35.7333,140.8333,41.4,38,96,23.73,overcast clouds
460,riyadh,SA,24.6877,46.7219,56.8,42,99,12.75,overcast clouds
461,farmington,US,36.7281,-108.2187,42.78,73,100,7.0,overcast clouds
462,mecca,SA,21.4267,39.8261,74.53,45,2,4.07,clear sky
463,okhotsk,RU,59.3833,143.3,-16.71,80,50,12.55,scattered clouds
464,high level,CA,58.5169,-117.136,-28.7,97,96,4.81,overcast clouds
465,sri aman,MY,1.2376,111.4621,82.08,87,100,3.31,overcast clouds
466,okato,NZ,-39.2,173.8833,64.69,69,0,3.8,clear sky
467,san pedro,PH,14.35,121.0167,83.35,74,95,16.64,overcast clouds
468,hambantota,LK,6.1241,81.1185,86.34,62,20,10.36,few clouds
469,colombia,CU,20.9881,-77.4297,68.81,86,0,6.82,clear sky
470,dubti,ET,11.7361,41.0853,79.77,37,0,9.84,clear sky
471,batagay,RU,67.6333,134.6333,-45.13,97,99,3.09,overcast clouds
472,ngunguru,NZ,-35.6167,174.5,74.16,81,5,6.29,clear sky
473,atar,MR,20.5169,-13.0499,63.57,27,0,7.09,clear sky
474,tiksi,RU,71.6872,128.8694,-9.83,99,100,6.13,overcast clouds
475,nabire,ID,-3.3667,135.4833,86.67,69,100,6.51,overcast clouds
476,churapcha,RU,62.0025,132.4325,-50.67,100,90,1.77,overcast clouds
477,grafton,US,42.207,-71.6856,34.75,86,100,3.71,snow
478,porto novo,BJ,6.4965,2.6036,79.47,82,18,2.33,few clouds
479,micheweni,TZ,-4.9667,39.8333,81.84,75,52,1.88,moderate rain
480,oga,IT,46.4631,10.347,21.96,86,100,1.16,overcast clouds
481,arman,RU,59.7,150.1667,-17.1,77,0,11.52,clear sky
482,chifeng,CN,42.2683,118.9636,17.19,50,0,7.27,clear sky
483,chkalovskoye,RU,44.8392,133.0436,-5.13,84,91,5.41,overcast clouds
484,stolin,BY,51.8912,26.846,18.01,87,9,12.3,clear sky
485,vuktyl,RU,63.8567,57.3094,16.39,90,100,14.05,light snow
486,deputatskiy,RU,69.3,139.9,-27.58,95,100,6.55,overcast clouds
487,kyaikto,MM,17.3,97.0167,84.34,45,0,5.55,clear sky
488,porto nacional,BR,-10.7081,-48.4172,72.09,99,100,2.75,overcast clouds
489,gornopravdinsk,RU,60.05,69.9,0.77,91,7,8.39,clear sky
490,izvestkovyy,RU,48.9833,131.55,-11.02,88,53,5.44,broken clouds
491,conakry,GN,9.538,-13.6773,69.37,62,100,3.67,overcast clouds
492,manmad,IN,20.25,74.45,78.49,34,0,0.49,clear sky
493,gavle,SE,60.6745,17.1417,18.95,83,67,5.97,broken clouds
494,skibbereen,IE,51.55,-9.2667,44.4,92,18,12.84,few clouds
495,nantucket,US,41.2835,-70.0995,42.96,90,90,12.66,mist
496,asilah,MA,35.465,-6.0348,60.76,92,99,13.0,overcast clouds
497,luderitz,NA,-26.6481,15.1594,66.47,66,34,3.11,scattered clouds
498,kouroussa,GN,10.65,-9.8833,67.59,23,32,3.09,scattered clouds
499,kutum,SD,14.2,24.6667,63.07,21,38,5.57,scattered clouds
500,beidao,CN,34.5686,105.8933,30.74,28,10,4.85,clear sky
501,bilibino,RU,68.0546,166.4372,-19.39,98,100,3.09,overcast clouds
502,lagoa,PT,39.05,-27.9833,60.58,80,7,39.21,clear sky
503,ajdabiya,LY,30.7554,20.2263,53.65,59,98,7.99,overcast clouds
504,comodoro rivadavia,AR,-45.8667,-67.5,63.7,56,0,4.27,clear sky
505,sioux lookout,CA,50.1001,-91.917,-8.45,99,100,2.26,overcast clouds
506,pimentel,PE,-6.8367,-79.9342,66.29,90,78,10.33,broken clouds
507,laramie,US,41.3114,-105.5911,28.85,73,1,12.66,clear sky
508,juazeiro,BR,-9.4117,-40.4986,70.59,84,100,3.38,moderate rain
509,bethel,US,41.3712,-73.414,47.91,91,90,0.0,overcast clouds
510,thaba nchu,ZA,-29.2093,26.839,69.24,60,86,19.71,overcast clouds
511,caconda,AO,-13.7333,15.0667,69.12,55,93,2.73,overcast clouds
512,olafsvik,IS,64.8945,-23.7142,31.26,73,100,22.7,overcast clouds
513,polunochnoye,RU,60.8697,60.4153,9.91,88,100,11.48,overcast clouds
514,zharkent,KZ,44.1628,80.0,40.46,30,99,2.98,overcast clouds
515,primorsk,UA,46.7348,36.3443,35.49,95,100,11.65,overcast clouds
516,mago,RU,53.2514,140.1822,-8.52,97,100,7.56,light snow
517,rocafuerte,EC,-0.9167,-80.4333,74.39,82,94,2.57,overcast clouds
518,tabuk,PH,17.4189,121.4443,69.87,96,100,9.78,overcast clouds
519,tonj,SS,7.2737,28.6822,85.19,17,73,8.19,broken clouds
520,cambuci,BR,-21.5753,-41.9111,62.56,94,3,1.03,clear sky
521,honiara,SB,-9.4333,159.95,81.82,85,98,4.88,light rain
522,jadu,LY,31.953,12.0261,48.7,35,38,13.24,scattered clouds
523,chala,TZ,-7.5833,31.2667,69.89,49,100,9.64,overcast clouds
524,kokopo,PG,-4.352,152.2633,80.58,84,100,8.16,moderate rain
525,nouadhibou,MR,20.931,-17.0347,66.81,56,0,9.33,clear sky
526,pamanukan,ID,-6.2842,107.8106,87.26,65,64,10.11,broken clouds
527,villers-le-bouillet,BE,50.5771,5.2595,39.9,93,75,5.75,broken clouds
528,lundazi,ZM,-12.2929,33.1782,84.33,33,100,9.35,overcast clouds
529,constitucion,CL,-35.3333,-72.4167,60.98,67,36,4.43,scattered clouds
530,logan lake,CA,50.4998,-120.8025,-7.6,99,100,6.93,overcast clouds
531,seddon,AU,-37.8068,144.8916,67.37,57,75,7.0,broken clouds
532,lenger,KZ,42.183,69.8839,27.84,100,100,5.91,light snow
533,yulara,AU,-25.2406,130.9889,98.64,15,0,12.97,clear sky
534,waipawa,NZ,-41.4122,175.5153,64.45,64,1,11.56,clear sky
535,donghai,CN,22.9459,115.642,59.95,63,100,10.92,overcast clouds
536,ewa beach,US,21.3156,-158.0072,72.43,71,100,10.0,overcast clouds
537,yeppoon,AU,-23.1333,150.7333,73.18,80,100,4.88,moderate rain
538,mana,GF,5.6592,-53.7767,75.29,89,84,5.61,broken clouds
539,betanzos,ES,43.2804,-8.2147,56.32,80,40,1.99,scattered clouds
540,skeldon,GY,5.8833,-57.1333,73.17,95,78,2.71,broken clouds
541,shushtar,IR,32.0455,48.8567,55.13,47,0,1.59,clear sky
542,marystown,CA,47.1666,-55.1483,27.86,100,10,1.99,clear sky
543,alta floresta,BR,-9.8756,-56.0861,70.52,99,100,2.15,moderate rain
544,mayo,US,38.8876,-76.5119,59.34,88,0,4.0,clear sky
545,majene,ID,-3.5403,118.9707,86.47,63,92,13.24,overcast clouds
546,kuybysheve,UA,47.358,36.6491,31.5,99,100,6.04,light snow
547,santa cruz de la palma,ES,28.6835,-17.7642,62.74,82,0,5.75,clear sky
548,pierre,US,44.3683,-100.351,20.7,62,3,6.38,clear sky
549,kloulklubed,PW,7.0419,134.2556,82.71,79,46,17.63,scattered clouds
550,djambala,CG,-2.5447,14.7533,73.83,80,100,1.92,moderate rain
551,kuldiga,LV,56.974,21.9572,28.09,71,99,7.58,overcast clouds
552,atasu,KZ,48.6814,71.6433,23.85,96,100,5.39,snow
553,chingola,ZM,-12.529,27.8838,72.52,71,94,6.87,overcast clouds
554,markova,UA,48.6758,24.4138,18.99,96,100,1.88,overcast clouds
555,mosquera,CO,4.7059,-74.2302,53.67,90,99,3.27,overcast clouds
556,ostrovnoy,RU,68.0531,39.5131,18.25,90,100,20.29,light snow
557,tuntum,BR,-5.2581,-44.6489,72.32,99,100,1.68,overcast clouds
558,merauke,ID,-8.4667,140.3333,85.64,70,33,8.32,light rain
559,seoul,KR,37.5683,126.9778,20.59,35,1,13.47,clear sky
560,shingu,JP,33.7333,135.9833,40.91,68,22,13.65,few clouds
561,poum,NC,-20.2333,164.0167,82.33,75,82,11.41,broken clouds
562,fuxin,CN,42.0156,121.6589,14.02,57,0,8.39,clear sky
563,honningsvag,NO,70.9821,25.9704,30.52,71,100,19.17,light snow
564,dvinskoy,RU,62.1535,45.1175,8.6,95,100,5.93,overcast clouds
565,george,ZA,-33.963,22.4617,67.55,88,75,3.44,broken clouds
566,manado,ID,1.487,124.8455,75.97,100,75,6.91,broken clouds
567,manbij,SY,36.5281,37.9549,36.37,47,0,3.31,clear sky
568,nizwa,OM,22.9333,57.5333,78.4,33,100,4.09,overcast clouds
569,general roca,AR,-39.0333,-67.5833,79.03,19,0,3.62,clear sky
570,isla mujeres,MX,21.2311,-86.731,75.25,75,0,9.19,clear sky
571,marapanim,BR,-0.7175,-47.6997,75.49,92,100,4.88,overcast clouds
572,edd,ER,13.9297,41.6925,84.33,39,0,11.45,clear sky
573,havre-saint-pierre,CA,50.2334,-63.5986,30.22,80,45,9.46,scattered clouds
574,eirunepe,BR,-6.6603,-69.8736,76.62,85,98,0.56,moderate rain
575,koungou,YT,-12.7336,45.2042,89.31,66,40,5.75,scattered clouds
576,san policarpo,PH,12.1791,125.5072,80.8,81,57,14.45,broken clouds
577,were ilu,ET,10.6,39.4333,61.99,34,7,4.12,clear sky
578,marrakesh,MA,31.6315,-8.0083,59.07,94,75,3.44,broken clouds
579,qasigiannguit,GL,68.8193,-51.1922,30.45,76,53,5.06,broken clouds
580,flexeiras,BR,-9.1975,-35.7808,76.77,82,100,2.33,overcast clouds
581,phan thiet,VN,10.9333,108.1,84.24,64,8,10.27,clear sky
582,aasiaat,GL,68.7098,-52.8699,11.25,83,32,10.11,scattered clouds
583,oksfjord,NO,70.2396,22.3479,27.52,88,79,3.94,light snow
584,tura,IN,25.5198,90.2201,72.88,35,0,4.83,clear sky
585,ecublens,CH,46.529,6.5626,47.91,91,100,4.79,overcast clouds
586,kharp,RU,66.8014,65.8081,-16.47,100,100,0.92,overcast clouds
587,ahero,KE,-0.1746,34.9163,73.38,56,83,1.77,broken clouds
588,mengcheng,CN,33.2579,116.5655,32.25,17,79,9.01,broken clouds
589,umea,SE,63.8284,20.2597,16.92,85,0,3.44,clear sky
590,egvekinot,RU,66.3167,-179.1667,-9.85,88,100,11.92,overcast clouds
591,floresta,BR,-8.6011,-38.5686,72.01,91,100,9.86,overcast clouds
592,berlevag,NO,70.8578,29.0864,28.24,75,100,20.58,light snow
593,jinchang,CN,38.4953,102.1739,13.1,69,14,7.92,few clouds
594,westport,US,41.1415,-73.3579,51.76,96,90,1.01,overcast clouds
595,yanji,CN,42.9075,129.5078,3.22,58,38,12.95,scattered clouds
596,petropavlovsk-kamchatskiy,RU,53.0452,158.6483,30.79,47,75,15.66,light shower snow
597,dauriya,RU,49.9333,116.8667,-0.89,89,65,8.28,broken clouds
598,rodrigues alves,BR,-7.738,-72.6509,72.82,94,50,2.68,scattered clouds
599,flinders,AU,-34.5833,150.8552,69.21,90,100,4.0,moderate rain
600,vestmanna,FO,62.1564,-7.1664,38.32,65,90,18.41,overcast clouds
601,pascagoula,US,30.3658,-88.5561,66.25,96,1,0.0,clear sky
602,lidkoping,SE,58.5052,13.1577,19.54,83,11,3.51,few clouds
603,mytishchi,RU,55.9089,37.7339,19.17,85,100,14.16,overcast clouds
604,george town,MY,5.4112,100.3354,89.53,72,20,9.22,few clouds
605,port hardy,CA,50.6996,-127.4199,23.18,80,90,5.75,light snow
606,salinas,US,36.6777,-121.6555,48.81,78,40,8.05,scattered clouds
607,tilichiki,RU,60.4667,166.1,-13.92,96,42,11.88,scattered clouds
608,airai,TL,-8.9266,125.4092,63.48,92,100,4.34,light rain
609,kakamega,KE,0.2842,34.7523,68.52,63,99,5.23,overcast clouds
610,lagunas,PE,-5.2269,-75.6753,74.19,92,61,2.48,broken clouds
611,half moon bay,US,37.4636,-122.4286,46.85,87,20,5.99,few clouds
612,salisbury,GB,51.0693,-1.7957,50.65,96,100,4.38,overcast clouds
613,mugumu,TZ,-1.85,34.7,70.52,62,100,8.1,overcast clouds
614,batsfjord,NO,70.6345,29.7185,26.29,81,100,18.16,light snow
615,kropotkin,RU,45.4375,40.5756,46.94,66,100,23.2,overcast clouds
616,zyryanka,RU,65.75,150.85,-23.66,99,99,1.92,overcast clouds
617,vangaindrano,MG,-23.35,47.6,78.73,80,86,7.99,light rain
618,springdale,US,36.1867,-94.1288,52.03,85,1,3.44,clear sky
619,lincoln,US,40.8,-96.667,36.34,80,1,1.01,clear sky
620,port hedland,AU,-20.3167,118.5667,96.85,46,96,10.36,overcast clouds
621,helong,CN,42.5397,128.9972,0.19,61,20,8.23,few clouds
622,ovsyanka,RU,55.9575,92.5519,0.57,83,100,3.53,overcast clouds
623,mehriz,IR,31.5917,54.4318,46.9,34,0,2.35,clear sky
624,pangnirtung,CA,66.1451,-65.7125,8.85,67,12,7.52,few clouds
625,mayumba,GA,-3.432,10.6554,76.55,90,97,2.46,light rain
626,lufilufi,WS,-13.8745,-171.5986,82.58,76,100,12.46,overcast clouds
627,tamasane,BW,-22.4184,27.4013,66.79,85,100,11.05,light rain
628,sarai,RU,53.7458,41.0213,8.98,94,51,11.95,broken clouds
629,jackson,US,42.4165,-122.8345,33.67,93,90,0.0,light snow
630,gwanda,ZW,-20.9333,29.0,70.93,84,100,10.22,light rain
631,sal rei,CV,16.1833,-22.9167,70.36,88,0,8.05,clear sky
632,tanabe,JP,33.7333,135.3667,40.93,48,100,5.99,overcast clouds
633,dagda,LV,56.0951,27.5372,21.47,70,100,16.71,light snow
634,kachug,RU,53.9606,105.8817,2.68,80,9,2.08,clear sky
635,shu,KZ,43.5983,73.7614,43.25,61,100,5.17,overcast clouds
636,nova olimpia,BR,-14.7972,-57.2881,71.96,95,24,1.3,few clouds
637,chokwe,MZ,-24.5333,32.9833,82.87,55,69,3.91,broken clouds
638,paamiut,GL,61.994,-49.6678,29.1,70,100,8.9,overcast clouds
639,korla,CN,41.7597,86.1469,28.96,54,86,7.74,overcast clouds
640,northam,GB,51.0333,-4.2167,52.3,97,100,7.2,overcast clouds
641,gazli,UZ,40.1333,63.45,32.9,65,100,10.56,overcast clouds
642,doka,SD,13.5167,35.7667,79.74,46,5,6.49,clear sky
643,samarai,PG,-10.6167,150.6667,83.25,78,85,10.45,overcast clouds
644,chara,RU,56.9064,118.2631,-9.8,84,67,1.74,broken clouds
645,ketchikan,US,55.3422,-131.6461,5.68,71,33,7.18,scattered clouds
646,port hueneme,US,34.1478,-119.1951,54.95,90,40,16.11,scattered clouds
647,fernley,US,39.608,-119.2518,34.77,76,100,11.01,overcast clouds
648,haines junction,CA,60.7522,-137.5108,5.67,97,100,1.1,light snow
649,dzitbalche,MX,20.3167,-90.05,62.53,82,0,4.47,clear sky
650,kazuno,JP,40.1836,140.7872,23.27,86,100,7.58,light snow
651,leh,IN,34.1667,77.5833,13.39,68,100,1.68,overcast clouds
652,teguise,ES,29.0605,-13.564,61.02,82,75,3.44,broken clouds
653,henties bay,NA,-22.116,14.2845,63.86,77,12,2.57,few clouds
654,moville,US,42.4889,-96.0725,20.46,62,0,6.4,clear sky
655,morton,US,46.7722,-101.2615,4.95,99,100,3.29,overcast clouds
656,matay,EG,28.419,30.7792,53.91,57,0,13.51,clear sky
657,ornskoldsvik,SE,63.2909,18.7153,4.15,100,20,5.75,few clouds
658,orlik,RU,52.5178,99.825,5.43,73,75,0.29,broken clouds
659,hualmay,PE,-11.0964,-77.6139,66.99,89,59,5.19,broken clouds
660,mitrofanovka,RU,49.9708,39.6939,16.9,97,73,1.12,broken clouds
661,chakrata,IN,30.7,77.85,44.76,36,100,3.67,overcast clouds
662,bonfim,BR,3.0833,-59.95,76.37,77,8,7.0,clear sky
663,kez,RU,57.8979,53.7152,19.74,92,100,9.31,light snow
664,kismayo,SO,-0.3582,42.5454,84.56,66,64,11.88,broken clouds
665,dullewala,PK,31.8359,71.4362,69.1,26,11,1.25,few clouds
666,huilong,CN,31.8111,121.655,34.99,37,6,18.34,clear sky
667,morristown,US,36.214,-83.2949,63.37,90,75,9.22,broken clouds
668,lakselv,NO,70.0513,24.9718,17.42,100,75,5.75,snow
669,santa cruz del sur,CU,20.7147,-77.9956,70.57,85,0,11.12,clear sky
670,chor,PK,25.5167,69.7667,79.3,42,92,5.19,overcast clouds
671,curillo,CO,1.0333,-75.9191,70.7,99,100,2.04,overcast clouds
672,barreirinha,BR,-2.7933,-57.07,74.28,94,100,2.57,overcast clouds
673,buta,CD,2.7858,24.73,73.56,95,100,0.96,overcast clouds
674,voh,NC,-20.9667,164.7,82.53,73,82,3.98,broken clouds
675,ceres,US,37.5949,-120.9577,46.62,87,75,10.36,broken clouds
676,santa fe,AR,-31.6333,-60.7,68.32,42,37,5.95,light rain
677,rio gallegos,AR,-51.6226,-69.2181,57.24,42,100,5.86,overcast clouds
678,ust-kut,RU,56.7938,105.7672,5.05,90,25,1.03,scattered clouds
679,arlit,NE,18.7369,7.3853,66.67,19,100,2.73,overcast clouds
680,gornyy,RU,55.1153,83.9059,15.8,94,100,4.7,overcast clouds
681,zhuhai,CN,22.2769,113.5678,60.98,72,40,20.71,light rain
682,vaitape,PF,-16.5167,-151.75,81.57,70,87,11.01,overcast clouds
683,barcelona,ES,41.3888,2.159,54.32,81,20,1.01,few clouds
684,acarau,BR,-2.8856,-40.12,78.8,83,100,6.11,overcast clouds
685,san andres,CO,12.5847,-81.7006,80.6,79,17,13.8,few clouds
686,gilbues,BR,-9.8317,-45.3439,68.38,97,100,2.89,light rain
687,port-gentil,GA,-0.7193,8.7815,80.28,79,97,4.85,light rain
688,delvine,AL,39.9511,20.0978,58.48,89,100,7.25,overcast clouds
689,mattru,SL,7.6244,-11.8332,72.5,95,40,2.55,scattered clouds
690,chipata,ZM,-13.6333,32.65,82.02,38,100,10.36,overcast clouds
691,turukhansk,RU,65.8167,87.9833,-12.93,100,99,7.11,overcast clouds
692,sur,OM,22.5667,59.5289,79.52,49,100,3.27,overcast clouds
693,zambezi,ZM,-13.5432,23.1047,74.32,69,75,7.07,broken clouds
694,miri,MY,4.4148,114.0089,83.8,72,100,7.29,light rain
695,mandalgovi,MN,45.7625,106.2708,15.1,23,0,15.99,clear sky
696,iberia,US,29.9502,-91.7507,70.05,88,90,4.61,overcast clouds
697,xining,CN,36.6167,101.7667,17.1,49,5,1.95,clear sky
698,robertsport,LR,6.7533,-11.3686,79.27,84,42,2.13,scattered clouds
699,pareora,NZ,-44.4871,171.2132,72.18,52,4,9.04,clear sky
700,esna,EG,25.2934,32.554,57.69,40,5,6.85,clear sky
701,praya,CV,14.9215,-23.5087,73.8,73,34,13.65,scattered clouds
702,scarborough,GB,54.2797,-0.4044,39.52,87,100,8.99,light rain
703,loukisia,GR,38.4833,23.45,56.37,80,100,5.48,overcast clouds
704,lac du bonnet,CA,50.2536,-96.0612,-5.57,97,93,0.63,overcast clouds
705,keti bandar,PK,24.1447,67.4497,76.93,65,99,11.95,overcast clouds
706,amahai,ID,-3.3333,128.9167,88.02,60,100,9.42,overcast clouds
707,nome,US,64.5011,-165.4064,32.07,93,90,11.5,mist
708,hamilton,US,39.1834,-84.5333,52.05,91,90,1.99,mist
709,moultrie,US,31.1799,-83.7891,60.39,94,1,0.0,clear sky
710,gravdal,NO,68.1214,13.5031,31.96,62,42,1.92,scattered clouds
711,khromtau,KZ,50.2503,58.4347,1.94,85,25,10.8,scattered clouds
712,avera,US,33.194,-82.5271,65.71,87,100,9.95,overcast clouds
713,wattegama,LK,6.7989,81.4808,85.12,47,7,9.08,clear sky
714,ravar,IR,31.2656,56.8055,51.44,25,0,3.78,clear sky
715,mankono,CI,8.0586,-6.1897,70.3,41,4,3.11,clear sky
716,saint-denis,FR,48.9167,2.3333,49.24,97,90,4.61,mist
717,inverell,AU,-29.7833,151.1167,88.66,40,100,5.99,overcast clouds
718,fortuna,US,40.5982,-124.1573,38.66,95,90,1.01,overcast clouds
719,savinka,RU,50.0785,47.0994,29.59,98,100,6.08,light snow
720,luba,GQ,3.4568,8.5547,81.32,81,92,3.58,overcast clouds
721,abbeville,FR,50.1,1.8333,47.48,96,100,7.63,overcast clouds
722,sekoma,BW,-24.4,23.8833,79.34,49,53,18.72,broken clouds
723,urcos,PE,-13.6861,-71.6228,51.13,89,91,1.03,light rain
